{"cameraMode":{"drawMode":0,"name":"Shaded","section":"Shading Mode"},"sceneLighting":true,"audioPlay":false,"sceneViewState":{"m_AlwaysRefresh":false,"showFog":true,"showSkybox":true,"showFlares":true,"showImageEffects":true,"showParticleSystems":true,"showVisualEffectGraphs":true,"m_FxEnabled":true},"in2DMode":false,"pivot":{"x":146.05709838867188,"y":22.138145446777345,"z":-77.51930236816406},"rotation":{"x":0.13829582929611207,"y":-0.2338455319404602,"z":0.033624690026044849,"w":0.9618021249771118},"size":206.35842895507813,"orthographic":false}