{"cameraMode":{"drawMode":0,"name":"Shaded","section":"Shading Mode"},"sceneLighting":true,"audioPlay":false,"sceneViewState":{"m_AlwaysRefresh":false,"showFog":true,"showSkybox":true,"showFlares":true,"showImageEffects":true,"showParticleSystems":true,"showVisualEffectGraphs":true,"m_FxEnabled":true},"in2DMode":false,"pivot":{"x":21.25848388671875,"y":-78.25912475585938,"z":-138.9652099609375},"rotation":{"x":0.0033022926654666664,"y":0.9682861566543579,"z":-0.2496280074119568,"w":0.012781660072505474},"size":90.58477783203125,"orthographic":false}