{"cameraMode":{"drawMode":0,"name":"Shaded","section":"Shading Mode"},"sceneLighting":true,"audioPlay":false,"sceneViewState":{"m_AlwaysRefresh":false,"showFog":true,"showSkybox":true,"showFlares":true,"showImageEffects":true,"showParticleSystems":true,"showVisualEffectGraphs":true,"m_FxEnabled":true},"in2DMode":false,"pivot":{"x":43.41608810424805,"y":-66.82569885253906,"z":-103.49484252929688},"rotation":{"x":0.022487198933959008,"y":0.9647802114486694,"z":-0.24717721343040467,"w":0.08766219764947891},"size":115.76457214355469,"orthographic":false}