{"cameraMode":{"drawMode":0,"name":"Shaded","section":"Shading Mode"},"sceneLighting":true,"audioPlay":false,"sceneViewState":{"m_AlwaysRefresh":false,"showFog":true,"showSkybox":true,"showFlares":true,"showImageEffects":true,"showParticleSystems":true,"showVisualEffectGraphs":true,"m_FxEnabled":true},"in2DMode":false,"pivot":{"x":4.615825653076172,"y":-22.649444580078126,"z":99.82337951660156},"rotation":{"x":0.11781873553991318,"y":-0.10883418470621109,"z":0.013007382862269879,"w":0.9870156049728394},"size":55.78602600097656,"orthographic":false}