{"cameraMode":{"drawMode":0,"name":"Shaded","section":"Shading Mode"},"sceneLighting":true,"audioPlay":false,"sceneViewState":{"m_AlwaysRefresh":false,"showFog":true,"showSkybox":true,"showFlares":true,"showImageEffects":true,"showParticleSystems":true,"showVisualEffectGraphs":true,"m_FxEnabled":true},"in2DMode":false,"pivot":{"x":11.388233184814454,"y":4.729976654052734,"z":12.702676773071289},"rotation":{"x":-0.10984057933092118,"y":0.8784464001655579,"z":-0.24340654909610749,"w":-0.3963816165924072},"size":16.037548065185548,"orthographic":false}